{"player1_bcperry2": [27.263910418087033, 1.4057899763573505], "bcperry2-number_occupied_spaces=-1-opponents_taken_pieces=-1-sum_distances=1-sum_distances_opponent=-1-number_of_singles=1-sum_single_distance_away_from_home=1-pieces_on_board=1-sum_distances_to_endzone=1": [25.2141767936842, 2.08469529687826], "MoveFurthestBackStrategy": [21.553429464750387, 1.9622132661157734], "MoveRandomPiece": [10.023310624514009, 2.7297867068323396], "CompareAllMovesSimple": [23.869458996689108, 2.081492951615768], "player1_anderson": [28.49991125182185, 1.8575522448595139], "player2_anderson": [29.351310560938938, 1.8332170463243933], "CompareAllMovesWeightingDistanceAndSinglesWithEndGame": [28.38137934728946, 1.9280902220639575], "CompareAllMovesWeightingDistanceAndSingles": [33.452111365732726, 1.9772343208324237], "CompareAllMovesWeightingDistance": [30.69216363070277, 1.950689277708001], "player2_bcperry2": [25.205565885176682, 1.8352442439535726], "AIBuilder_bcperry2": [27.898409422342745, 1.869084506773918]}